Domain,Feed,Title,Category,Status,Score,OG-Images,Content Type,Creative ID,Destination Domains,Destination Domains
https://clicccar.com/,https://clicccar.com/feed/custom_sub,clicccar,Cars,Enabled,,,article,,clicccar.com,clicccar.com
https://markets.bitbank.cc,https://markets.bitbank.cc/article/rss.xml,ビットバンク マーケット情報,Crypto,Enabled,,,article,,markets.bitbank.cc,markets.bitbank.cc
https://coinchoice.net/,https://coinchoice.net/feed/,CoinChoice,Crypto,Enabled,,,article,,coinchoice.net,coinchoice.net
https://www.bitcoin-trade.info,https://www.bitcoin-trade.info/feed,ARUTOKO,Crypto,Enabled,,,article,,,
https://www.cryptostream.jp/,https://www.cryptostream.jp/feed/,クリプトストリーム,Crypto,Enabled,,,article,,www.cryptostream.jp,www.cryptostream.jp
https://bitdays.jp/,https://bitdays.jp/feed/,BITDAYS ,Crypto,Enabled,,,article,,bitdays.jp,bitdays.jp
https://bitpress.jp/,https://bitpress.jp/rss2.xml,BITPRESS,Crypto,Enabled,,,article,,www.newsweekjapan.jp;www.businesslawyers.jp;bitpress.jp;www3.nhk.or.jp;about.decurret.com;www.nikkei.com;www.fsa.go.jp;www.coindeskjapan.com,www.nikkei.com;www.businesslawyers.jp;bitpress.jp;www3.nhk.or.jp;about.decurret.com;www.coindeskjapan.com;www.newsweekjapan.jp;www.fsa.go.jp
https://www.neweconomy.jp/,https://www.neweconomy.jp/feed,あたらしい経済,Crypto,Enabled,,,article,,www.neweconomy.jp,www.neweconomy.jp
https://coinpost.jp,https://coinpost.jp/rss.xml,CoinPost,Crypto,Enabled,,,article,,coinpost.jp,coinpost.jp
https://jp.cointelegraph.com,https://jp.cointelegraph.com/rss,コインテレグラフ ジャパン,Crypto,Enabled,,,article,,jp.cointelegraph.com,jp.cointelegraph.com
https://www.coindeskjapan.com,https://www.coindeskjapan.com/feed/,CoinDesk Japan,Crypto,Enabled,,,article,,www.coindeskjapan.com,www.coindeskjapan.com
https://investor-a.com/,https://investor-a.com/feed,ANGO,Crypto,Enabled,,,article,,,
https://tradebitlab.com/,https://tradebitlab.com/feed/,トレードビットラボ,Crypto,Enabled,,,article,,tradebitlab.com,tradebitlab.com
https://wired.jp,https://wired.jp/rssfeeder/,WIRED.jp,Culture,Enabled,,,article,,wired.jp,wired.jp
https://kuragebunch.com/,https://kuragebunch.com/rss,くらげバンチ,Entertainment,Enabled,,,article,,kuragebunch.com,kuragebunch.com
https://www.vogue.co.jp,https://www.vogue.co.jp/rss/vogue,VOGUE,Fashion,Enabled,,,article,,www.vogue.co.jp,www.vogue.co.jp
https://www.legendsstadium.com,https://www.legendsstadium.com/rss/brave?escape=nofilter,LEGENDSSTADIUM,Sports,Enabled,,,article,,www.legendsstadium.com,www.legendsstadium.com
https://the360.life/,https://the360.life/gdat/rss/360/channel.xml,the360.life,Technology,Enabled,,,article,,,
https://weekly.ascii.jp/,https://weekly.ascii.jp/cate/1/rss.xml,週刊アスキー,Technology,Enabled,,,article,,weekly.ascii.jp,weekly.ascii.jp
https://www.bbcjapanese.com,https://feeds.bbci.co.uk/japanese/rss.xml,BBC Japanese ,Top News,Enabled,,,article,,www.bbc.com,www.bbc.com
https://jp.techcrunch.com,https://jp.techcrunch.com/feed/,TechCrunch Japan,Top News,Enabled,,,article,,jp.techcrunch.com,jp.techcrunch.com
https://rocketnews24.com,https://rocketnews24.com/feed/,ロケットニュース24,Top News,Enabled,,,article,,rocketnews24.com,rocketnews24.com
https://www.gizmodo.jp,https://www.gizmodo.jp/index.xml,ギズモード・ジャパン,Top News,Enabled,,,article,,www.gizmodo.jp,www.gizmodo.jp
https://www.lifehacker.jp,https://www.lifehacker.jp/feed/index.xml,ライフハッカー［日本版］,Top News,Enabled,,,article,,,
https://www.47news.jp/,https://nordot.app/-/feed/posts/rss?source_id=740522043530887168&curation_url=true,共同通信,Top News,Enabled,,,article,,nordot.app,nordot.app
https://www.newsweekjapan.jp/,https://www.newsweekjapan.jp/story/rss.xml,Newsweek日本版,Top News,Enabled,,,article,,www.newsweekjapan.jp,www.newsweekjapan.jp
https://blog.livedoor.jp/kazu_fujisawa/,https://blog.livedoor.jp/kazu_fujisawa/index.rdf,金融日記,Business,Disabled,,,article,,blog.livedoor.jp,blog.livedoor.jp
https://blogos.com,https://blogos.com/rss/blogos/summary.xml,BLOGOS ,Business,Disabled,,,article,,blogos.com,blogos.com
https://chikirin.hatenablog.com/,https://chikirin.hatenablog.com/feed,Chikirinの日記,Business,Disabled,,,article,,chikirin.hatenablog.com,chikirin.hatenablog.com
https://www.cnn.co.jp,http://feeds.cnn.co.jp/rss/cnn/cnn.rdf,CNN.co.jp,Business,Disabled,,,article,,www.cnn.co.jp,www.cnn.co.jp
https://thebridge.jp,https://feeds.feedburner.com/SdJapan,BRIDGE,Business,Disabled,,,article,,thebridge.jp,thebridge.jp
https://gendai.ismedia.jp/list/feed/rss,https://gendai.ismedia.jp/list/feed/rss,現代ビジネス ,Business,Disabled,,,article,,gendai.ismedia.jp,gendai.ismedia.jp
https://jbpress.ismedia.jp/,https://jbpress.ismedia.jp/list/feed/rss,JBpress,Business,Disabled,,,article,,jbpress.ismedia.jp,jbpress.ismedia.jp
https://markezine.jp/,https://markezine.jp/rss/new/20/index.xml,MarkeZine,Business,Disabled,,,article,,markezine.jp,markezine.jp
https://next.rikunabi.com/journal/,https://next.rikunabi.com/journal/feed/,リクナビNEXTジャーナル,Business,Disabled,,,article,,next.rikunabi.com,next.rikunabi.com
https://president.jp/category/president/,https://president.jp/list/rss?cc=president,PRESIDENT Online,Business,Disabled,,,article,,president.jp,president.jp
https://www.itmedia.co.jp/business/,https://rss.itmedia.co.jp/rss/2.0/business.xml,ITmedia ビジネスオンライン,Business,Disabled,,,article,,www.itmedia.co.jp,www.itmedia.co.jp
https://toyokeizai.net,https://toyokeizai.net/list/feed/rss,東洋経済オンライン ,Business,Disabled,,,article,,toyokeizai.net,toyokeizai.net
https://www.dhbr.net/subcategory/Management/,https://www.dhbr.net/list/feed/rsssc?w=Management,DIAMOND ハーバード・ビジネス・レビュー,Business,Disabled,,,article,,www.dhbr.net,www.dhbr.net
https://www.garbagenews.net/,https://www.garbagenews.net/index.rdf,ガベージニュース,Business,Disabled,,,article,,www.garbagenews.net,www.garbagenews.net
https://www.aol.com/,https://www.huffingtonpost.jp/feeds/index.xml,HuffPost Japan ,Business,Disabled,,,article,,www.huffingtonpost.jp,www.huffingtonpost.jp
https://diamond.jp/category/dol/,https://diamond.jp/list/feed/rss/dol,ダイヤモンド・オンライン,Business,Disabled,,,article,,diamond.jp,diamond.jp
https://news.yahoo.co.jp/search/?p=%E3%83%8F%E3%83%95%E3%83%9D%E3%82%B9%E3%83%88%E6%97%A5%E6%9C%AC%E7%89%88&vaop=a&to=2&st=n&c_n=dom/,https://news.yahoo.co.jp/rss,ハフポスト日本版 ,Business,Disabled,,,article,,,
https://r25.jp/,https://r25.jp/rss.xml,新R25 ,Business,Disabled,,,article,,r25.jp,r25.jp
https://www.businessinsider.jp/,https://www.businessinsider.jp/feed/index.xml,Business Insider Japan,Business,Disabled,,,article,,www.businessinsider.jp,www.businessinsider.jp
https://autoc-one.jp/news/,https://autoc-one.jp/news/rss/,MOTA,Cars,Disabled,,,article,,autoc-one.jp,autoc-one.jp
https://bestcarweb.jp/,https://bestcarweb.jp/feed,ベストカー,Cars,Disabled,,,article,,bestcarweb.jp,bestcarweb.jp
https://car.watch.impress.co.jp,https://car.watch.impress.co.jp/data/rss/1.0/car/feed.rdf,Car Watch,Cars,Disabled,,,article,,car.watch.impress.co.jp,car.watch.impress.co.jp
https://www.carview.co.jp/,https://www.carview.co.jp/feed/?t=news,株式会社カービュー,Cars,Disabled,,,article,,www.carview.co.jp,www.carview.co.jp
https://kunisawa.net/,https://kunisawa.net/feed/,自動車評論家 国沢光宏,Cars,Disabled,,,article,,kunisawa.net,kunisawa.net
https://norisoku.com/,https://norisoku.com/index.rdf,乗り物速報,Cars,Disabled,,,article,,norisoku.com,norisoku.com
https://response.jp/,https://response.jp/rss/index.rdf,レスポンス,Cars,Disabled,,,article,,response.jp,response.jp
https://vehicle123.com/,https://vehicle123.com/index.rdf,車速報,Cars,Disabled,,,article,,vehicle123.com,vehicle123.com
https://www.autocar.jp/,https://www.autocar.jp/feed,AUTOCAR JAPANAUTOCAR JAPAN,Cars,Disabled,,,article,,www.autocar.jp,www.autocar.jp
https://www.honda.co.jp/,https://www.honda.co.jp/rss/hotnews.xml,Hondaウェブサイト,Cars,Disabled,,,article,,www.honda.co.jp;honda.racing,www.honda.co.jp;honda.racing
https://www.webcartop.jp/,https://www.webcartop.jp/feed/,WEB CARTOP,Cars,Disabled,,,article,,www.webcartop.jp,www.webcartop.jp
https://www.webcg.net/,https://www.webcg.net/list/feed/rss,webCG,Cars,Disabled,,,article,,www.webcg.net,www.webcg.net
https://bitcoin-newstart.com/,https://bitcoin-newstart.com/feed,仮想通貨の将来への可能性〜初心者から稼ぐ投資方法,Crypto,Disabled,,,article,,bitcoin-newstart.com,bitcoin-newstart.com
https://bitcoin-yoro.com,https://bitcoin-yoro.com/feed,丸の内OL3年目 玲奈の仮想通貨の投資ブログ,Crypto,Disabled,,,article,,,
https://bittimes.net/,https://bittimes.net/feed,仮想通貨ニュースメディア ビットタイムズ,Crypto,Disabled,,,article,,bittimes.net,bittimes.net
https://www.businessblockchain.org/,https://businessblockchain.org/feed,ブロックチェーンビジネス研究会,Crypto,Disabled,,,article,,,
https://www.cryptocoinportal.jp/,https://cryptocoinportal.jp/feed/,クリプトコインポータル,Crypto,Disabled,,,article,,,
https://gaiax-blockchain.com/,https://gaiax-blockchain.com/feed,Blockchain Biz【Gaiax】,Crypto,Disabled,,,article,,gaiax-blockchain.com,gaiax-blockchain.com
https://gtgox.com/,https://gtgox.com/feed/,Ripple総合まとめ,Crypto,Disabled,,,article,,gtgox.com,gtgox.com
https://huntersokuhou.blog.jp/,http://huntersokuhou.blog.jp/index.rdf,ハンター速報,Crypto,Disabled,,,article,,,
https://investor-a.com/,https://investor-a.com/feed,オカデミー,Crypto,Disabled,,,article,,,
https://isamist.work/,https://isamist.work/feed,主婦が仮想通貨で生活する投資ブログ,Crypto,Disabled,,,article,,isamist.work,isamist.work
https://okuri-bit.com/,https://okuri-bit.com/feed/,仮想通貨で最速で億り人になる方法,Crypto,Disabled,,,article,,okuri-bit.com,okuri-bit.com
https://ripple.2chblog.jp/,http://ripple.2chblog.jp/index.rdf,Ripple,Crypto,Disabled,,,article,,,
https://coin-otaku.com/,https://coin-otaku.com/feed,COIN OTAKU,Crypto,Disabled,,,article,,coin-otaku.com,coin-otaku.com
https://www.coinjinja.com/,https://www.coinjinja.com/api/map/rss2,COIN JINJA,Crypto,Disabled,,,article,,www.coinjinja.com,www.coinjinja.com
https://andpremium.jp/,https://andpremium.jp/feed/,& Premium,Culture,Disabled,,,article,,,
https://dailynewsagency.com/,https://dailynewsagency.com/feed/atom/,DNADNA,Culture,Disabled,,,article,,dailynewsagency.com,dailynewsagency.com
https://greenz.jp/,https://feeds.feedburner.com/greenzjp,greenz.jp,Culture,Disabled,,,article,,greenz.jp,greenz.jp
https://www.gqjapan.jp/,https://www.gqjapan.jp/feeds,GQ JAPAN,Culture,Disabled,,,article,,www.gqjapan.jp,www.gqjapan.jp
https://intojapanwaraku.com/,https://intojapanwaraku.com/feed,和樂web,Culture,Disabled,,,article,,intojapanwaraku.com,intojapanwaraku.com
https://hypebeast.com/jp/,https://hypebeast.com/jp/feed,HYPEBEAST.JP,Culture,Disabled,,,article,,hypebeast.com,hypebeast.com
https://kai-you.net/,https://kai-you.net/contents/feed.rss,KAI-YOU.net,Culture,Disabled,,,article,,kai-you.net;premium.kai-you.net,premium.kai-you.net;kai-you.net
https://miyearnzzlabo.com/,https://miyearnzzlabo.com/feed,miyearnZZ Labo,Culture,Disabled,,,article,,miyearnzzlabo.com,miyearnzzlabo.com
https://omocoro.jp/,https://omocoro.jp/?mode=rss,オモコロ,Culture,Disabled,,,article,,,
https://tabi-labo.com/,https://tabi-labo.com/feed/,TABI LABO,Culture,Disabled,,,article,,tabi-labo.com,tabi-labo.com
https://tocana.jp/,https://tocana.jp/index.xml,TOCANA,Culture,Disabled,,,article,,tocana.jp,tocana.jp
https://www.fashion-press.net/,https://www.fashion-press.net/news/line.rss,ファッションプレス,Culture,Disabled,,,article,,www.fashion-press.net,www.fashion-press.net
https://www.fashionsnap.com,https://www.fashionsnap.com/rss.xml,FASHIONSNAP.COM,Culture,Disabled,,,article,,www.fashionsnap.com,www.fashionsnap.com
https://www.pen-online.jp/,https://www.pen-online.jp/rss.xml,Pen Online,Culture,Disabled,,,article,,,
https://www.roomie.jp,https://www.roomie.jp/feed/,ROOMIE,Culture,Disabled,,,article,,www.roomie.jp,www.roomie.jp
https://www.shibukei.com/,https://www.shibukei.com/rss.xml,シブヤ経済新聞,Culture,Disabled,,,article,,www.shibukei.com,www.shibukei.com
https://www.shift.jp.org/ja/,https://www.shift.jp.org/ja/atom.xml,SHIFT 日本語版,Culture,Disabled,,,article,,www.shift.jp.org,www.shift.jp.org
https://www.switch-store.net/,https://www.switch-store.net/hpgen/HPB/rss.xml,SWITCH PUBLISHING,Culture,Disabled,,,article,,www.switch-store.net,www.switch-store.net
https://youpouch.com/,https://youpouch.com/feed/,Pouch［ポーチ］,Culture,Disabled,,,article,,youpouch.com,youpouch.com
https://kinarino.jp/,https://kinarino.jp/?format=rss,キナリノ,Culture,Disabled,,,article,,kinarino.jp,kinarino.jp
https://www.cinra.net/,https://www.cinra.net/feed,CINRA.NET,Culture,Disabled,,,article,,www.cinra.net,www.cinra.net
https://www.youtube.com/channel/UC2Wss-yUn0b5xTTZ45tQWfA/,https://www.youtube.com/feeds/videos.xml?channel_id=UC2Wss-yUn0b5xTTZ45tQWfA,ナタリー,Culture,Disabled,,,article,,www.youtube.com,www.youtube.com
https://japan.techinsight.jp,https://japan.techinsight.jp/feed,Techinsight,Entertainment,Disabled,,,article,,japan.techinsight.jp,japan.techinsight.jp
https://keywordjiten.seesaa.net/,https://keywordjiten.seesaa.net/index.rdf,芸能界の裏の顔,Entertainment,Disabled,,,article,,,
https://www.cyzowoman.com/index.xml,https://www.cyzowoman.com/index.xml,サイゾーウーマン,Entertainment,Disabled,,,article,,www.cyzowoman.com,www.cyzowoman.com
https://exweb.jp/,https://exweb.jp/list/feed/rss4gunosy-exweb,EXweb,Entertainment,Disabled,,,article,,exweb.jp,exweb.jp
https://sabra.jp/,https://sabra.jp/xml/netstrictly_free/news.xml,sabra,Entertainment,Disabled,,,article,,,
https://apasoku.doorblog.jp/,https://apasoku.doorblog.jp/index.rdf,あぱれる速報,Fashion,Disabled,,,article,,,
https://blackwatch.seesaa.net/,https://blackwatch.seesaa.net/index.rdf,男のマジメ服,Fashion,Disabled,,,article,,,
https://blog.livedoor.jp/fashion_2ch_matome/,https://blog.livedoor.jp/fashion_2ch_matome/index.rdf,ファッション板まとめブログ,Fashion,Disabled,,,article,,,
https://dwks.cocolog-nifty.com/fashion_column/,https://dwks.cocolog-nifty.com/fashion_column/atom.xml,ファッション流通ブログde業界関心事,Fashion,Disabled,,,article,,dwks.cocolog-nifty.com,dwks.cocolog-nifty.com
https://fashion-news.doorblog.jp/,http://fashion-news.doorblog.jp/index.rdf,ファ板速報,Fashion,Disabled,,,article,,,
https://fashion.adeliepenguin.info/,https://fashion.adeliepenguin.info/feed,サラリーマンのファッションを考える,Fashion,Disabled,,,article,,fashion.adeliepenguin.info,fashion.adeliepenguin.info
https://forzastyle.com/,https://forzastyle.com/list/feed/rss,FORZA STYLE,Fashion,Disabled,,,article,,forzastyle.com,forzastyle.com
https://m-butsuyoku.blog.ss-blog.jp/,https://m-butsuyoku.blog.ss-blog.jp/index.rdf,Mのブツ欲日記,Fashion,Disabled,,,article,,m-butsuyoku.blog.ss-blog.jp,m-butsuyoku.blog.ss-blog.jp
https://mens-fashion.blog.jp/,http://mens-fashion.blog.jp/index.rdf,男子ファッション速報,Fashion,Disabled,,,article,,,
https://mens.tasclap.jp/,https://mens.tasclap.jp/rss,TASCLAP,Fashion,Disabled,,,article,,mens.tasclap.jp,mens.tasclap.jp
https://www.narcisman.com/,https://www.narcisman.com/feed,ナルシストで何が悪い？,Fashion,Disabled,,,article,,www.narcisman.com,www.narcisman.com
https://oceans.tokyo.jp/,https://oceans-ilm.com/?feed=rss2,OCEANS ,Fashion,Disabled,,,article,,,
https://otokomaeken.com,https://otokomaeken.com/feed,OTOKOMAE,Fashion,Disabled,,,article,,otokomaeken.com,otokomaeken.com
https://ameblo.jp/beams-class/,https://rssblog.ameba.jp/beams-class/rss20.xml,ELEMENTS OF STYLE,Fashion,Disabled,,,article,,ameblo.jp,ameblo.jp
https://www.district.jp/blog/,https://www.district.jp/blog/atom.xml,Blog,Fashion,Disabled,,,article,,www.district.jp,www.district.jp
https://www.fashion-headline.com/,https://www.fashion-headline.com/rss/index.rdf,FASHION HEADLINE,Fashion,Disabled,,,article,,www.fashion-headline.com,www.fashion-headline.com
https://www.fukulow.info/,https://www.fukulow.info/feed/,DRESS CODE.,Fashion,Disabled,,,article,,,
https://www.mensnonno.jp/news/,https://www.mensnonno.jp/news/feed/,MEN'S NON-NO WEB,Fashion,Disabled,,,article,,,
https://www.neqwsnet-japan.info,https://www.neqwsnet-japan.info/?feed=rss2,Knower Mag,Fashion,Disabled,,,article,,www.neqwsnet-japan.info,www.neqwsnet-japan.info
https://fuku-labo.com/,https://fuku-labo.com/feed,服ログ,Fashion,Disabled,,,article,,,
https://asacokitchen.com/,https://asacokitchen.com/feed,あさこ食堂あさこ食堂,Food,Disabled,,,article,,,
https://b-lunch.com/,https://b-lunch.com/feed,B級グルメランチ紀行,Food,Disabled,,,article,,b-lunch.com,b-lunch.com
https://blog.goo.ne.jp/nobanonch?fm=rss/,https://blog.goo.ne.jp/nobanonch/rss2.xml,そんなに食うなら走らんと,Food,Disabled,,,article,,blog.goo.ne.jp,blog.goo.ne.jp
https://blog.livedoor.jp/next_step_to/,https://blog.livedoor.jp/next_step_to/index.rdf,ラーメン食べたら書くブログ,Food,Disabled,,,article,,blog.livedoor.jp,blog.livedoor.jp
https://bob3.seesaa.net/,https://bob3.seesaa.net/index.rdf,ぼぶのラーメン紀行,Food,Disabled,,,article,,bob3.seesaa.net,bob3.seesaa.net
https://cookien.com/,https://cookien.com/feed/,つくおき,Food,Disabled,,,article,,cookien.com,cookien.com
https://dt125kazuo.blog22.fc2.com/,https://dt125kazuo.blog22.fc2.com/?xml,魚料理と簡単レシピ,Food,Disabled,,,article,,dt125kazuo.blog22.fc2.com,dt125kazuo.blog22.fc2.com
https://emunoranchi.com/,https://emunoranchi.com/feed,Mのランチ,Food,Disabled,,,article,,emunoranchi.com,emunoranchi.com
https://entabe.jp/,https://entabe.jp/news/feed.rss,えん食べ,Food,Disabled,,,article,,entabe.jp,entabe.jp
https://www.gurum.biz,https://feeds.gurum.biz/gurum/rss,おいしいお,Food,Disabled,,,article,,www.gurum.biz,www.gurum.biz
https://food-stadium.com/,https://food-stadium.com/rss.xml,フードスタジアム,Food,Disabled,,,article,,food-stadium.com,food-stadium.com
https://hamada.air-nifty.com/raisan/,https://hamada.air-nifty.com/raisan/atom.xml,居酒屋礼賛,Food,Disabled,,,article,,hamada.air-nifty.com,hamada.air-nifty.com
https://ikemen3.blog.jp/,https://ikemen3.blog.jp/index.rdf,麺好い（めんこい）ブログ,Food,Disabled,,,article,,ikemen3.blog.jp,ikemen3.blog.jp
https://cupmen.org/,https://cupmen.org/?xml=,カップ麺をひたすら食いまくるブログ,Food,Disabled,,,article,,cupmen.org,cupmen.org
https://kuniroku.com/,https://kuniroku.com/atom.xml,くにろく 東京食べある記,Food,Disabled,,,article,,kuniroku.com,kuniroku.com
https://lineblog.me/sirogohan/,https://lineblog.me/sirogohan/index.rdf,白ごはん.com 冨田ただすけ,Food,Disabled,,,article,,lineblog.me,lineblog.me
https://mangashokudo.net/,https://mangashokudo.net/index.rdf,マンガ食堂,Food,Disabled,,,article,,mangashokudo.net,mangashokudo.net
https://negineesan.hatenablog.com/,https://negineesan.hatenablog.com/feed,パル,Food,Disabled,,,article,,,
https://oryouri.2chblog.jp/,http://oryouri.2chblog.jp/index.rdf,お料理速報,Food,Disabled,,,article,,,
https://r.gnavi.co.jp/g-interview/,https://r.gnavi.co.jp/g-interview/feed,ぐるなび みんなのごはん,Food,Disabled,,,article,,r.gnavi.co.jp,r.gnavi.co.jp
https://ure.pia.co.jp/list/media?c=umai-niku/,https://ure.pia.co.jp/list/rss?media=umai-niku,うまい肉,Food,Disabled,,,article,,ure.pia.co.jp,ure.pia.co.jp
https://1000bero.net/,https://www.1000bero.net/feed/,せんべろnet,Food,Disabled,,,article,,1000bero.net,1000bero.net
https://www.hotpepper.jp/mesitsu/,https://www.hotpepper.jp/mesitsu/feed,メシ通 | ホットペッパーグルメ,Food,Disabled,,,article,,www.hotpepper.jp,www.hotpepper.jp
https://www.inshokuten.com/foodist/,https://www.inshokuten.com/foodist/feed/,Foodist Media,Food,Disabled,,,article,,www.inshokuten.com;www.tenpodesign.com,www.tenpodesign.com;www.inshokuten.com
https://www.nomooo.jp/,https://www.nomooo.jp/feed/,nomooo,Food,Disabled,,,article,,www.nomooo.jp,www.nomooo.jp
https://www.outdoorfoodgathering.jp/,https://www.outdoorfoodgathering.jp/?feed=rss2,野食ハンマープライス,Food,Disabled,,,article,,www.outdoorfoodgathering.jp,www.outdoorfoodgathering.jp
https://www.yamaken.org/mt/kuidaore/,https://www.yamaken.org/mt/kuidaore/index.rdf,やまけんの出張食い倒れ日記,Food,Disabled,,,article,,www.yamaken.org,www.yamaken.org
https://www.koumetan.com/,https://www.koumetan.com/index.rdf,おいしい店・うまい店・安い店,Food,Disabled,,,article,,,
https://magazine.tabelog.com/,https://magazine.tabelog.com/feed,食べログマガジン,Food,Disabled,,,article,,magazine.tabelog.com,magazine.tabelog.com
https://bodymakingtips.com/,https://bodymakingtips.com/feed/,ワークアウトハッカー,Health,Disabled,,,article,,bodymakingtips.com,bodymakingtips.com
https://natrom.hatenablog.com/,https://natrom.hatenablog.com/feed,NATROMのブログ,Health,Disabled,,,article,,natrom.hatenablog.com,natrom.hatenablog.com
https://gooday.nikkei.co.jp/,https://gooday.nikkei.co.jp/rss/all.rdf,日経Gooday,Health,Disabled,,,article,,gooday.nikkei.co.jp,gooday.nikkei.co.jp
https://healthpolicyhealthecon.com/,https://healthpolicyhealthecon.com/feed/,医療政策学×医療経済学,Health,Disabled,,,article,,healthpolicyhealthecon.com,healthpolicyhealthecon.com
https://healthpress.jp/,https://healthpress.jp/index.xml,ヘルスプレス,Health,Disabled,,,article,,healthpress.jp,healthpress.jp
https://healthtechnews.jp/,https://healthtechnews.jp/feed/,HealthTechNews,Health,Disabled,,,article,,healthtechnews.jp,healthtechnews.jp
https://koujiebe.blog95.fc2.com/,https://koujiebe.blog95.fc2.com/?xml,ドクター江部の糖尿病徒然日記,Health,Disabled,,,article,,koujiebe.blog95.fc2.com,koujiebe.blog95.fc2.com
https://www.rehabilimemo.com/,https://www.rehabilimemo.com/feed,リハビリmemo,Health,Disabled,,,article,,www.rehabilimemo.com,www.rehabilimemo.com
https://rokushin.blog.ss-blog.jp/,https://rokushin.blog.ss-blog.jp/index.rdf,北品川藤クリニック院長のブログ,Health,Disabled,,,article,,rokushin.blog.ss-blog.jp,rokushin.blog.ss-blog.jp
https://techtarget.itmedia.co.jp/tt/healthcare/,https://rss.itmedia.co.jp/rss/1.0/tt_healthcare.xml,TechTargetジャパン,Health,Disabled,,,article,,techtarget.itmedia.co.jp,techtarget.itmedia.co.jp
https://ameblo.jp/kyupin/,https://rssblog.ameba.jp/kyupin/rss20.xml,kyupinの日記,Health,Disabled,,,article,,ameblo.jp,ameblo.jp
https://tech.nikkeibp.co.jp/dm/ndh/,https://xtech.nikkei.com/dm/ndh/index.rdf,日経デジタルヘルス ,Health,Disabled,,,article,,xtech.nikkei.com,xtech.nikkei.com
https://www.cbnews.jp/,https://www.cabrain.net/news/rss.xml,医療介護 CBnews,Health,Disabled,,,article,,,
https://www.carenet.com/,https://www.carenet.com/rss/news/index.xml,CareNet.com医療ニュース,Health,Disabled,,,article,,www.carenet.com,www.carenet.com
https://www.foocom.net/,https://foocom.net/feed/,FOOCOM.NET,Health,Disabled,,,article,,foocom.net,foocom.net
https://www.mylohas.net,https://www.mylohas.net/atom.xml,MYLOHAS,Health,Disabled,,,article,,www.mylohas.net,www.mylohas.net
https://daigoblog.jp/,https://daigoblog.jp/feed/,Mentalist DaiGo Official Blog,Health,Disabled,,,article,,daigoblog.jp,daigoblog.jp
https://100life.jp/,https://100life.jp/feed/,100%LiFE ,Home,Disabled,,,article,,100life.jp,100life.jp
https://www.realtokyoestate.co.jp/,https://www.realtokyoestate.co.jp/rss.php,東京Ｒ不動産,Home,Disabled,,,article,,www.realtokyoestate.co.jp,www.realtokyoestate.co.jp
https://yadokari.net,https://yadokari.net/feed/,YADOKARI,Home,Disabled,,,article,,yadokari.net,yadokari.net
https://bukkenfan.jp/,https://bukkenfan.jp/entries.atom,物件ファン,Home,Disabled,,,article,,bukkenfan.jp,bukkenfan.jp
https://finalvent.cocolog-nifty.com/fareastblog/,http://finalvent.cocolog-nifty.com/fareastblog/atom.xml,極東ブログ,Politics,Disabled,,,article,,,
https://ikedanobuo.livedoor.biz/,http://ikedanobuo.livedoor.biz/index.rdf,池田信夫 blog,Politics,Disabled,,,article,,,
https://ameblo.jp/takaakimitsuhashi/,https://rssblog.ameba.jp/takaakimitsuhashi/rss20.xml,三橋貴明オフィシャルブログ「新世紀のビッグブラザーへ blog」,Politics,Disabled,,,article,,ameblo.jp,ameblo.jp
https://takedanet.com/,https://takedanet.com/atom.xml,武田邦彦 （中部大学）,Politics,Disabled,,,article,,,
https://www.nikaidou.com,https://www.nikaidou.com/feed,二階堂ドットコム,Politics,Disabled,,,article,,,
https://aasj.jp/,https://aasj.jp/category/news/watch/feed,AASJホームページ -論文ウォッチ-,Science,Disabled,,,article,,aasj.jp,aasj.jp
https://blog.knak.jp/,https://blog.knak.jp/atom.xml,化学業界の話題,Science,Disabled,,,article,,blog.knak.jp,blog.knak.jp
https://sciencejournal.livedoor.biz/,http://sciencejournal.livedoor.biz/index.rdf,サイエンスジャーナル,Science,Disabled,,,article,,,
https://blog.livedoor.jp/route408/,https://blog.livedoor.jp/route408/index.rdf,有機化学美術館・分館,Science,Disabled,,,article,,blog.livedoor.jp,blog.livedoor.jp
https://hiroyukikojima.hatenablog.com/,https://hiroyukikojima.hatenablog.com/feed,hiroyukikojima’s blog,Science,Disabled,,,article,,hiroyukikojima.hatenablog.com,hiroyukikojima.hatenablog.com
https://next49.hatenadiary.jp/,https://next49.hatenadiary.jp/feed,発声練習,Science,Disabled,,,article,,next49.hatenadiary.jp,next49.hatenadiary.jp
https://shorebird.hatenablog.com/,https://shorebird.hatenablog.com/feed,shorebird　進化心理学中心の書評など,Science,Disabled,,,article,,shorebird.hatenablog.com,shorebird.hatenablog.com
https://news.mynavi.jp/top/business/technology/medical/,https://feeds.journal.mycom.co.jp/rss/mycom/technology/medical,マイナビニュース,Science,Disabled,,,article,,,
https://news.mynavi.jp/top/business/technology/medical/,https://feeds.journal.mycom.co.jp/rss/mycom/technology/medical,マイナビニュース,Science,Disabled,,,article,,,
https://news.mynavi.jp/top/business/technology/medical/,https://feeds.journal.mycom.co.jp/rss/mycom/technology/medical,マイナビニュース,Science,Disabled,,,article,,,
https://news.mynavi.jp/top/business/technology/medical/,https://feeds.journal.mycom.co.jp/rss/mycom/technology/medical,マイナビニュース,Science,Disabled,,,article,,,
https://www.chem-station.com,https://www.chem-station.com/blog/feed,Chem-Station,Science,Disabled,,,article,,www.chem-station.com,www.chem-station.com
https://www.jaxa.jp/,https://www.jaxa.jp/rss/new_j.rdf,JAXA 宇宙航空研究開発機構,Science,Disabled,,,article,,www.jaxa.jp,www.jaxa.jp
https://www.natureasia.com/ja-jp,https://www.natureasia.com/ja-jp/rss/nature,Nature ダイジェスト,Science,Disabled,,,article,,www.natureasia.com,www.natureasia.com
https://www.nikkei-science.com,https://www.nikkei-science.com/?feed=rss2,日経サイエンス,Science,Disabled,,,article,,www.nikkei-science.com,www.nikkei-science.com
https://www.riken.jp/feed/press_feed/,https://www.riken.jp/feed/press_feed/,プレスリリースニュース,Science,Disabled,,,article,,www.riken.jp,www.riken.jp
https://www.scienceplus2ch.com/,http://www.scienceplus2ch.com/index.rdf,(*ﾟ∀ﾟ)ゞカガクニュース隊,Science,Disabled,,,article,,,
https://bio.nikkeibp.co.jp/,https://bio.nikkeibp.co.jp/rss/bio/index.rdf,日経バイオテクONLINE,Science,Disabled,,,article,,bio.nikkeibp.co.jp,bio.nikkeibp.co.jp
https://nazology.net/,https://nazology.net/feed,ナゾロジー,Science,Disabled,,,article,,nazology.net,nazology.net
https://absurd.blogo.jp/,http://absurd.blogo.jp/index.rdf,非常識＠なんJ～野球ネタを中心にまとめるブログ～,Sports,Disabled,,,article,,,
https://blog.livedoor.jp/aushio/,https://blog.livedoor.jp/aushio/index.rdf,つれさか　-徒然サッカー雑記-,Sports,Disabled,,,article,,blog.livedoor.jp,blog.livedoor.jp
https://blog.livedoor.jp/i6469/,https://blog.livedoor.jp/i6469/index.rdf,MLB NEWS@なんJ,Sports,Disabled,,,article,,blog.livedoor.jp,blog.livedoor.jp
https://blog.livedoor.jp/livejupiter2/,https://blog.livedoor.jp/livejupiter2/index.rdf,なんJ（まとめては）いかんのか？,Sports,Disabled,,,article,,blog.livedoor.jp,blog.livedoor.jp
https://blog.livedoor.jp/nanjstu/,https://blog.livedoor.jp/nanjstu/index.rdf,なんじぇいスタジアム＠なんJまとめ,Sports,Disabled,,,article,,blog.livedoor.jp,blog.livedoor.jp
https://blog.livedoor.jp/soccerkusoyarou/,https://blog.livedoor.jp/soccerkusoyarou/index.rdf,サッカーミックスジュース,Sports,Disabled,,,article,,blog.livedoor.jp,blog.livedoor.jp
https://blog.livedoor.jp/vitaminw/,https://blog.livedoor.jp/vitaminw/index.rdf,スポーツ見るもの語る者～フモフモコラム,Sports,Disabled,,,article,,blog.livedoor.jp,blog.livedoor.jp
https://blog.livedoor.jp/yakiusoku/,https://blog.livedoor.jp/yakiusoku/index.rdf,日刊やきう速報,Sports,Disabled,,,article,,blog.livedoor.jp,blog.livedoor.jp
https://f1-gate.com/,https://f1-gate.com/rss2.xml,F1-Gate.com,Sports,Disabled,,,article,,f1-gate.com,f1-gate.com
https://football-2ch.com/,https://football-2ch.com/index.rdf,フットボール速報,Sports,Disabled,,,article,,football-2ch.com,football-2ch.com
https://footballnet.2chblog.jp/,http://footballnet.2chblog.jp/index.rdf,footballnet,Sports,Disabled,,,article,,,
https://news.yahoo.co.jp/search/?p=%E6%97%A5%E5%88%8A%E3%82%B2%E3%83%B3%E3%83%80%E3%82%A4DIGITAL&vaop=a&to=2&st=n&c_n=c_spo/,https://news.yahoo.co.jp/rss,日刊ゲンダイDIGITAL ,Sports,Disabled,,,article,,,
https://news.yahoo.co.jp/search/?p=%E3%82%B9%E3%83%9D%E3%83%8B%E3%83%81%E3%82%A2%E3%83%8D%E3%83%83%E3%82%AF%E3%82%B9&vaop=a&to=2&st=n&c_n=c_spo/,https://news.yahoo.co.jp/rss,スポニチアネックス ,Sports,Disabled,,,article,,,
https://hsyf610muto.seesaa.net/,https://hsyf610muto.seesaa.net/index.rdf,武藤文雄のサッカー講釈,Sports,Disabled,,,article,,,
https://koisoku.ldblog.jp/,http://koisoku.ldblog.jp/index.rdf,鯉速＠広島東洋カープまとめブログ,Sports,Disabled,,,article,,,
https://llabtooflatot.blog.fc2.com/,https://llabtooflatot.blog.fc2.com/?xml=,サッカーコラム J3 Plus+,Sports,Disabled,,,article,,llabtooflatot.blog.fc2.com,llabtooflatot.blog.fc2.com
https://nofootynolife.blog.fc2.com/,https://nofootynolife.blog.fc2.com/?xml,NO FOOTY NO LIFE,Sports,Disabled,,,article,,nofootynolife.blog.fc2.com,nofootynolife.blog.fc2.com
https://number.bunshun.jp/category/column,https://number.bunshun.jp/list/rsscolumn,Number Web - 新着コラム,Sports,Disabled,,,article,,number.bunshun.jp,number.bunshun.jp
https://number.bunshun.jp/subcategory/%E3%81%9D%E3%81%AE%E4%BB%96%E3%82%B9%E3%83%9D%E3%83%BC%E3%83%84/column/,https://number.bunshun.jp/list/rsssports?w=%E3%81%9D%E3%81%AE%E4%BB%96%E3%82%B9%E3%83%9D%E3%83%BC%E3%83%84,Number Web - その他スポーツ ,Sports,Disabled,,,article,,number.bunshun.jp,number.bunshun.jp
https://number.bunshun.jp/subcategory/%E3%82%B5%E3%83%83%E3%82%AB%E3%83%BC%E6%97%A5%E6%9C%AC%E4%BB%A3%E8%A1%A8/column/,https://number.bunshun.jp/list/rsssports?w=%E3%82%B5%E3%83%83%E3%82%AB%E3%83%BC%E6%97%A5%E6%9C%AC%E4%BB%A3%E8%A1%A8,Number Web - サッカー日本代表,Sports,Disabled,,,article,,number.bunshun.jp,number.bunshun.jp
https://number.bunshun.jp/subcategory/%E3%83%97%E3%83%AD%E9%87%8E%E7%90%83/column/,https://number.bunshun.jp/list/rsssports?w=%E3%83%97%E3%83%AD%E9%87%8E%E7%90%83,Number Web - プロ野球,Sports,Disabled,,,article,,number.bunshun.jp,number.bunshun.jp
https://number.bunshun.jp/subcategory/%E3%83%A2%E3%83%BC%E3%82%BF%E3%83%BC%E3%82%B9%E3%83%9D%E3%83%BC%E3%83%84/column/,https://number.bunshun.jp/list/rsssports?w=%E3%83%A2%E3%83%BC%E3%82%BF%E3%83%BC%E3%82%B9%E3%83%9D%E3%83%BC%E3%83%84,Number Web - モータースポーツ,Sports,Disabled,,,article,,number.bunshun.jp,number.bunshun.jp
https://number.bunshun.jp/subcategory/J%E3%83%AA%E3%83%BC%E3%82%B0/column/,https://number.bunshun.jp/list/rsssports?w=J%E3%83%AA%E3%83%BC%E3%82%B0,Number Web - Jリーグ  ,Sports,Disabled,,,article,,number.bunshun.jp,number.bunshun.jp
https://ameblo.jp/darvish-yu-blog/,https://rssblog.ameba.jp/darvish-yu-blog/rss20.xml,ダルビッシュ有オフィシャルブログ Powered by Ameba,Sports,Disabled,,,article,,,
https://samuraigoal.doorblog.jp/,http://samuraigoal.doorblog.jp/index.rdf,Samurai GOAL,Sports,Disabled,,,article,,,
https://worldfn.net/,https://worldfn.net/index.rdf,WorldFootballNewS,Sports,Disabled,,,article,,worldfn.net,worldfn.net
https://www2.kobe-np.co.jp/mobile/uajudge.php/,https://www.daily.co.jp/newsflash/news.xml,デイリースポーツOnline,Sports,Disabled,,,article,,www.daily.co.jp,www.daily.co.jp
https://www.goal.com/,https://www.goal.com/feeds/ja/news,Goal.com,Sports,Disabled,,,article,,,
https://www.nikkansports.com/baseball/index.html/,https://www.nikkansports.com/baseball/atom.xml,nikkansports.com - 野球,Sports,Disabled,,,article,,www.nikkansports.com,www.nikkansports.com
https://www.nikkansports.com/soccer/index.html/,https://www.nikkansports.com/soccer/atom.xml,nikkansports.com - サッカー,Sports,Disabled,,,article,,www.nikkansports.com,www.nikkansports.com
https://www.sanspo.com/,https://www.sanspo.com/rss/chumoku/news/allsports-n.xml,SANSPO.COM - スポーツ総合,Sports,Disabled,,,article,,,
https://www.sanspo.com/soccer/soccer.html/,https://www.sanspo.com/rss/soccer/news/soccer-n.xml,SANSPO.COM - サッカー,Sports,Disabled,,,article,,,
https://www.soccer-king.jp/,https://www.soccer-king.jp/RSS.rdf,サッカーキング ,Sports,Disabled,,,article,,www.soccer-king.jp,www.soccer-king.jp
https://news.yahoo.co.jp/media/sportiva/,https://zasshi.news.yahoo.co.jp/rss/sportiva-all.xml,webスポルティーバ ,Sports,Disabled,,,article,,,
https://b.hatena.ne.jp/hotentry/it/,https://https://techlife.cookpad.com/feed/b.hatena.ne.jp/hotentry/it.rss,はてなブックマーク,Technology,Disabled,,,article,,www.asahi.com;logmi.jp;tech.mobilefactory.jp;pc.watch.impress.co.jp;zenn.dev;speakerdeck.com;piyolog.hatenadiary.jp;r7kamura.com;dev.classmethod.jp;toutounode.hatenablog.com;japanese.engadget.com;gigazine.net;coliss.com;www.itmedia.co.jp;www.talos.dev;rocketnews24.com,www.asahi.com;dev.classmethod.jp;www.itmedia.co.jp;pc.watch.impress.co.jp;gigazine.net;rocketnews24.com;speakerdeck.com;coliss.com;r7kamura.com;zenn.dev;logmi.jp;www.talos.dev;tech.mobilefactory.jp;toutounode.hatenablog.com;japanese.engadget.com;piyolog.hatenadiary.jp
https://blog.livedoor.jp/itsoku/,https://blog.livedoor.jp/itsoku/index.rdf,IT速報,Technology,Disabled,,,article,,blog.livedoor.jp,blog.livedoor.jp
https://butsuyoku-gadget.com/,https://butsuyoku-gadget.com/feed/,物欲ガジェット.com,Technology,Disabled,,,article,,butsuyoku-gadget.com,butsuyoku-gadget.com
https://japan.zdnet.com,http://feeds.japan.zdnet.com/rss/zdnet/all.rdf,ZDNet Japan,Technology,Disabled,,,article,,japan.zdnet.com,japan.zdnet.com
https://www.moongift.jp/,https://feeds.feedburner.com/moongift,MOONGIFT,Technology,Disabled,,,article,,,
https://gadget-shot.com/,https://gadget-shot.com/feed/,ガジェットショット,Technology,Disabled,,,article,,gadget-shot.com,gadget-shot.com
https://developers-jp.googleblog.com/,https://developers-jp.googleblog.com/feeds/posts/default,Google Developers Japan,Technology,Disabled,,,article,,developers-jp.googleblog.com,developers-jp.googleblog.com
https://japan.googleblog.com/,https://feeds.feedburner.com/GoogleJapanBlog,Google Japan Blog,Technology,Disabled,,,article,,japan.googleblog.com,japan.googleblog.com
https://gori.me/,https://gori.me/feed,ゴリミー,Technology,Disabled,,,article,,gori.me,gori.me
https://internet.watch.impress.co.jp,https://internet.watch.impress.co.jp/data/rss/1.0/iw/feed.rdf,INTERNET Watch,Technology,Disabled,,,article,,internet.watch.impress.co.jp,internet.watch.impress.co.jp
https://iotnews.jp/,https://iotnews.jp/feed,IoT NEWS,Technology,Disabled,,,article,,iotnews.jp,iotnews.jp
https://juggly.cn,https://juggly.cn/feed,juggly.cn,Technology,Disabled,,,article,,,
https://pc.watch.impress.co.jp,https://pc.watch.impress.co.jp/data/rss/1.0/pcw/feed.rdf,PC Watch,Technology,Disabled,,,article,,pc.watch.impress.co.jp,pc.watch.impress.co.jp
https://qiita.com/popular-items/,https://qiita.com/popular-items/feed,Qiita ,Technology,Disabled,,,article,,qiita.com,qiita.com
https://www.itmedia.co.jp/enterprise/,https://rss.itmedia.co.jp/rss/1.0/enterprise.xml,ITmedia エンタープライズ,Technology,Disabled,,,article,,www.itmedia.co.jp,www.itmedia.co.jp
https://www.itmedia.co.jp/mobile/,https://rss.itmedia.co.jp/rss/1.0/mobile.xml,ITmedia Mobile ,Technology,Disabled,,,article,,www.itmedia.co.jp,www.itmedia.co.jp
https://www.itmedia.co.jp/news/,https://rss.itmedia.co.jp/rss/1.0/news_bursts.xml,ITmedia NEWS ,Technology,Disabled,,,article,,www.itmedia.co.jp,www.itmedia.co.jp
https://www.itmedia.co.jp/,https://rss.itmedia.co.jp/rss/1.0/plusd.xml,ITmedia,Technology,Disabled,,,article,,www.itmedia.co.jp,www.itmedia.co.jp
https://xtech.nikkei.com/,https://xtech.nikkei.com/rss/index.rdf,日経クロステック,Technology,Disabled,,,article,,xtech.nikkei.com,xtech.nikkei.com
https://techblog.yahoo.co.jp/,https://techblog.yahoo.co.jp/atom.xml,Yahoo! JAPAN Tech Blog,Technology,Disabled,,,article,,techblog.yahoo.co.jp,techblog.yahoo.co.jp
https://techlife.cookpad.com/,https://techlife.cookpad.com/feed,クックパッド開発者ブログ,Technology,Disabled,,,article,,techlife.cookpad.com,techlife.cookpad.com
https://techwave.jp/,https://techwave.jp/index.rdf,TechWave,Technology,Disabled,,,article,,techwave.jp,techwave.jp
https://watchmono.com/,https://watchmono.com/?xml=,ヲチモノ,Technology,Disabled,,,article,,watchmono.com,watchmono.com
https://forest.watch.impress.co.jp/,https://www.watch.impress.co.jp/data/rss/1.0/ipw/feed.rdf,窓の杜,Technology,Disabled,,,article,,forest.watch.impress.co.jp,forest.watch.impress.co.jp
https://www.infoq.com/jp/,https://feed.infoq.com/jp/news,InfoQ,Technology,Disabled,,,article,,www.infoq.com,www.infoq.com
https://www.mugendai-web.jp/,https://www.mugendai-web.jp/feed,Mugendai（無限大）,Technology,Disabled,,,article,,,
https://www.publickey1.jp/,https://www.publickey1.jp/atom.xml,Publickey,Technology,Disabled,,,article,,www.publickey1.jp,www.publickey1.jp
https://thinkit.co.jp/,https://thinkit.co.jp/rss.xml,Think IT,Technology,Disabled,,,article,,thinkit.co.jp,thinkit.co.jp
https://www.technologyreview.jp/,https://www.technologyreview.jp/feed/,MITテクノロジーレビュー,Technology,Disabled,,,article,,www.technologyreview.jp,www.technologyreview.jp
https://b.hatena.ne.jp/hotentry/all,https://b.hatena.ne.jp/hotentry.rss,はてなブックマーク ,Top News,Disabled,,,article,,mainichi.jp;blog.hatenablog.com;jp.ign.com;honeshabri.hatenablog.com;diary.ssig33.com;www3.nhk.or.jp;togetter.com;news.yahoo.co.jp;www.nttdocomo.co.jp;forest.watch.impress.co.jp;www.bbc.com;note.com;twitter.com,news.yahoo.co.jp;diary.ssig33.com;note.com;www.nttdocomo.co.jp;www3.nhk.or.jp;forest.watch.impress.co.jp;jp.ign.com;honeshabri.hatenablog.com;www.bbc.com;mainichi.jp;blog.hatenablog.com;twitter.com;togetter.com
https://blog.livedoor.jp/dqnplus/,https://blog.livedoor.jp/dqnplus/index.rdf,痛いニュース(ﾉ∀`),Top News,Disabled,,,article,,blog.livedoor.jp,blog.livedoor.jp
https://blog.livedoor.jp/geek/,https://blog.livedoor.jp/geek/index.rdf,アキバBlog,Top News,Disabled,,,article,,blog.livedoor.jp,blog.livedoor.jp
https://japan.cnet.com,https://feeds.japan.cnet.com/rss/cnet/all.rdf,CNET Japan,Top News,Disabled,,,article,,japan.cnet.com,japan.cnet.com
https://www.afpbb.com/,https://feeds.afpbb.com/rss/afpbb/afpbbnews,AFPBB News,Top News,Disabled,,,article,,www.afpbb.com,www.afpbb.com
https://japanese.engadget.com/,https://feeds.feedburner.com/engadget/japanese,Engadget Japan,Top News,Disabled,,,article,,japanese.engadget.com,japanese.engadget.com
https://getnews.jp,https://getnews.jp/feed,ガジェット通信,Top News,Disabled,,,article,,getnews.jp,getnews.jp
https://gigazine.net/,https://gigazine.net/news/rss_2.0/,GIGAZINE,Top News,Disabled,,,article,,gigazine.net,gigazine.net
https://news.yahoo.co.jp/search/?p=%E7%94%A3%E7%B5%8C%E6%96%B0%E8%81%9E&vaop=a&to=2&st=n&c_n=dom/,https://news.yahoo.co.jp/rss,産経新聞 - 国内,Top News,Disabled,,,article,,,
https://mainichi.jp/?inb=ff/,https://ja.fxfeeds.mozilla.com/ja/firefox/headlines.xml,毎日新聞,Top News,Disabled,,,article,,,
https://news.mynavi.jp/,https://journal.mycom.co.jp/haishin/rss/index.rdf,マイナビニュース,Top News,Disabled,,,article,,,
https://news.mynavi.jp/,https://journal.mycom.co.jp/haishin/rss/index.rdf,マイナビニュース,Top News,Disabled,,,article,,,
https://news.mynavi.jp/,https://journal.mycom.co.jp/haishin/rss/index.rdf,マイナビニュース,Top News,Disabled,,,article,,,
https://news.mynavi.jp/,https://journal.mycom.co.jp/haishin/rss/index.rdf,マイナビニュース,Top News,Disabled,,,article,,,
https://k-tai.watch.impress.co.jp,https://www.watch.impress.co.jp/cda/rss/ktai.rdf,ケータイ Watch,Top News,Disabled,,,article,,k-tai.watch.impress.co.jp,k-tai.watch.impress.co.jp
https://karapaia.com/,https://karapaia.com/index.rdf,カラパイア,Top News,Disabled,,,article,,karapaia.com,karapaia.com
https://kyoko-np.net/,https://kyoko-np.net/index.xml,虚構新聞,Top News,Disabled,,,article,,,
https://labaq.com/,https://labaq.com/index.rdf,らばQ,Top News,Disabled,,,article,,labaq.com,labaq.com
https://netafull.net/,https://netafull.net/index.rdf,ネタフル,Top News,Disabled,,,article,,netafull.net,netafull.net
https://news.tbs.co.jp/,https://news.tbs.co.jp/rss/tbs_newsi.rdf,TBS NEWS,Top News,Disabled,,,article,,news.tbs.co.jp,news.tbs.co.jp
https://news.yahoo.co.jp/,https://news.yahoo.co.jp/rss,Yahoo!ニュース・トピックス ,Top News,Disabled,,,article,,,
https://nlab.itmedia.co.jp/,https://rss.itmedia.co.jp/rss/1.0/netlab.xml,ねとらぼ,Top News,Disabled,,,article,,nlab.itmedia.co.jp,nlab.itmedia.co.jp
https://www.itmedia.co.jp/news/fortop/,https://rss.itmedia.co.jp/rss/1.0/topstory.xml,ITmedia TOP STORIES ,Top News,Disabled,,,article,,monoist.itmedia.co.jp;www.itmedia.co.jp,monoist.itmedia.co.jp;www.itmedia.co.jp
https://srad.jp/,https://srad.jp:443/slashdotjp.rss,スラド,Top News,Disabled,,,article,,it.srad.jp;srad.jp;science.srad.jp;apple.srad.jp,it.srad.jp;science.srad.jp;srad.jp;apple.srad.jp
https://www.atmarkit.co.jp/,https://rss.itmedia.co.jp/rss/0.91/ait.xml,＠IT,Top News,Disabled,,,article,,atmarkit.itmedia.co.jp,atmarkit.itmedia.co.jp
https://www3.nhk.or.jp/news/,https://www3.nhk.or.jp/rss/news/cat0.xml,NHKニュース,Top News,Disabled,,,article,,www3.nhk.or.jp,www3.nhk.or.jp
https://www.buzzfeed.com/news/,https://www.buzzfeed.com/jp/news.xml?country=jp,BuzzFeed ,Top News,Disabled,,,article,,www.buzzfeed.com,www.buzzfeed.com
https://www.fnn.jp/,https://www.fnn.jp/list/feed/rss,FNNプライムオンライン,Top News,Disabled,,,article,,www.fnn.jp,www.fnn.jp
https://anaflyer.blog.fc2.com/,https://anaflyer.blog.fc2.com/?xml=,マイレージライフ,Travel,Disabled,,,article,,anaflyer.blog.fc2.com,anaflyer.blog.fc2.com
https://co-trip.jp/,https://co-trip.jp/feed/rss2.0,ことりっぷ,Travel,Disabled,,,article,,co-trip.jp,co-trip.jp
https://crea.bunshun.jp/list/genre/trip/,https://crea.bunshun.jp/list/feed/rss-trip,CREA WEB,Travel,Disabled,,,article,,crea.bunshun.jp,crea.bunshun.jp
https://tonogata.hatenablog.com/,https://tonogata.hatenablog.com/feed,やじり鳥,Travel,Disabled,,,article,,,
https://dsk.ne.jp/,https://dsk.ne.jp/rss.xml,LCCjp,Travel,Disabled,,,article,,dsk.ne.jp,dsk.ne.jp
https://gotrip.jp/,https://gotrip.jp/feed/,GOTRIP!,Travel,Disabled,,,article,,,
https://www.travel.co.jp/guide/,https://www.travel.co.jp/guide/feed/,LINEトラベルjp 旅行ガイド,Travel,Disabled,,,article,,www.travel.co.jp,www.travel.co.jp
https://jalmile.blog6.fc2.com/,https://jalmile.blog6.fc2.com/?xml,飛ばないマイラー,Travel,Disabled,,,article,,jalmile.blog6.fc2.com,jalmile.blog6.fc2.com
https://nyliberty.exblog.jp,https://nyliberty.exblog.jp/index.xml,ニューヨークの遊び方,Travel,Disabled,,,article,,nyliberty.exblog.jp,nyliberty.exblog.jp
https://retrip.jp/feeds/,https://retrip.jp/feeds/,RETRIP,Travel,Disabled,,,article,,rtrp.jp,rtrp.jp
https://rikei-miler.com/,https://rikei-miler.com/feed,理系マイラーとSFC修行,Travel,Disabled,,,article,,rikei-miler.com,rikei-miler.com
https://shimajiro-mobiler.net,https://shimajiro-mobiler.net/feed/,shimajiro@mobiler,Travel,Disabled,,,article,,shimajiro-mobiler.net,shimajiro-mobiler.net
https://tabiris.com/,https://tabiris.com/feed,タビリス,Travel,Disabled,,,article,,tabiris.com,tabiris.com
https://tabizine.jp,https://tabizine.jp/feed/,TABIZINE,Travel,Disabled,,,article,,,
https://trafficnews.jp/feed/,https://trafficnews.jp/feed/,乗りものニュース,Travel,Disabled,,,article,,trafficnews.jp,trafficnews.jp
https://travel.watch.impress.co.jp/,https://travel.watch.impress.co.jp/data/rss/1.0/trw/feed.rdf,トラベル Watch,Travel,Disabled,,,article,,travel.watch.impress.co.jp,travel.watch.impress.co.jp
https://wondertrip.jp/,https://wondertrip.jp/feed/,tabiyori どんな時も旅日和に,Travel,Disabled,,,article,,,
https://www.another-tokyo.com/,https://www.another-tokyo.com/index.rdf,東京別視点ガイド,Travel,Disabled,,,article,,,
https://www.aviationwire.jp,https://www.aviationwire.jp/feed,Aviation Wire,Travel,Disabled,,,article,,www.aviationwire.jp,www.aviationwire.jp
https://www.ccdm.jp/,https://www.ccdm.jp/feed/,The Platinum Life,Travel,Disabled,,,article,,www.ccdm.jp,www.ccdm.jp
https://www.jalan.net/news/,https://www.jalan.net/news/feed/rss2/,じゃらんニュース,Travel,Disabled,,,article,,www.jalan.net,www.jalan.net
https://www.seize-one-world.com/,https://www.seize-one-world.com/feed,しーずざでい 　SFC修行とかマイルとか,Travel,Disabled,,,article,,www.seize-one-world.com,www.seize-one-world.com
https://www.sukesuke-mile-kojiki.net/,https://www.sukesuke-mile-kojiki.net/feed,すけすけのマイル乞食,Travel,Disabled,,,article,,www.sukesuke-mile-kojiki.net,www.sukesuke-mile-kojiki.net
https://www.traicy.com,https://www.traicy.com/index.rdf,TRAICY,Travel,Disabled,,,article,,,
https://www.transit.ne.jp/,https://www.transit.ne.jp/rss/transit-atom.xml,TRANSIT,Travel,Disabled,,,article,,,
https://travel.spot-app.jp/,https://travel.spot-app.jp/feed/,SPOT(スポット) -おでかけ体験型メディア-,Travel,Disabled,,,article,,event.spot-app.jp;travel.spot-app.jp,event.spot-app.jp;travel.spot-app.jp
